﻿Rank,TeamId,TeamName,LastSubmissionDate,Score,SubmissionCount,TeamMemberUserNames,TeamMemberEmails
1,13898014,Renicames,"2025-05-31 06:58:06",66601.58342,139,"meryemarpac,recepblbl","meryemarpaci8@gmail.com,recepsertac4545@gmail.com"
2,13898035,Ctrl+C,"2025-05-31 06:00:37",66689.69674,24,"metehanyilmaz0,remkevseraksu","meteyilmaz301@gmail.com,iremkevseraksu@gmail.com"
3,13898021,"Kutay Şahin","2025-05-31 07:29:25",66693.20447,85,"aslinurekinci,kutayahin","aslinurekin@gmail.com,ibrahimkutaysahin577@gmail.com"
4,13898019,stdio.gainz,"2025-05-31 07:40:40",66695.48248,61,"emiraliekili,hawkyshun","[private],furkanerdogan2300@gmail.com"
5,13898018,2K1M,"2025-05-31 07:29:50",66708.46990,37,"asametduran,memetaliyurtcu","asametdurann@gmail.com,memetaliyurtcu1@gmail.com"
6,13898067,Ctrl+V,"2025-05-31 07:34:03",66745.76129,31,"kaniburakonuk,seraybengisuonuk","[private],serayybengisuonuk@gmail.com"
7,13898061,"Eşref KIZILARSLAN","2025-05-31 07:43:47",66801.18646,56,"erefkizilarslan,muhammedcebraildoan","esrefyazilimmuh@gmail.com,[private]"
8,13898020,"Yes, Do Data!","2025-05-31 07:22:52",66850.20362,117,"kahokaya,yesdodata","khrmn8375@gmail.com,laiskashkash33@gmail.com"
9,13898125,S&H-CODİNG,"2025-05-31 03:17:09",67065.16124,7,"hsnanurulu,senadogan","husnaulu9@gmail.com,drsenadogan@gmail.com"
10,13898750,"Emirhan Göktepe","2025-05-31 04:19:32",67265.15723,20,"emirhangktepe,zeynepnisanurtatar","emirhangf023@gmail.com,zeynepnisanurtatar@gmail.com"
11,13898267,"Mehmet aydemir","2025-05-31 02:15:27",67341.25459,22,mehmetaydemr,mehmetaydemr145323@gmail.com
12,13898022,"Agents of Intelligent","2025-05-30 23:57:07",67930.77566,3,"evindardere,mehmetnurkavan","ucdereevindar34@gmail.com,kavanmehmetnur@gmail.com"
13,13898027,(YUTRONAX),"2025-05-31 03:40:06",68673.90005,18,yutronax,kuyusuzyusuf123@gmail.com
14,13898016,"Ömer ASAL","2025-05-30 20:28:10",68797.31281,5,asalomer1,omerasal2004@gmail.com
15,13898050,"Yonca Ray","2025-05-31 04:36:58",69840.46145,6,"semanurb,yoncaray","230327023@firat.edu.tr,rayyonca@gmail.com"
0,13873727,submission.csv,"2025-05-25 16:10:47",72731.94000,1,,
0,13873725,submission.csv,"2025-05-25 16:10:13",75131.91292,1,,
